Question,Faithfulness,Answer Relevancy,Context Recall,Context Precision
Why is cocoa farming considered environmentally beneficial in areas where primary forests have been logged?,,,,
How are cocoa beans traditionally stored and transported?,,,,
What are the advantages of using jute sacks for cocoa bean transportation?,,,,
"What is the significance of Van Houten's development in 1828, and how did it influence the modern production of chocolate?",,,,
"What are the key characteristics of chocolate texture, and how do they relate to the consumer experience?",,,,
"What role do sustainability programs like CocoaAction play in the cocoa industry, and how do they impact cocoa farmers?",,,,
How does the use of jute sacks for cocoa bean transportation compare to bulk shipment methods in terms of efficiency and cost?,,,,
What are the key benefits of using milk crumb in chocolate manufacturing?,,,,
"How do the Maillard reaction and sugar crystallization interact during crumb production, and how do processing parameters optimize these interactions?",,,,
"What are the three main categories of Cocoa Butter Alternatives (CBAs), and how do they differ in composition and physical properties?",,,,
What role do trisaturated triglycerides (SSS) play in cocoa butter crystallization during tempering?,,,,
How do variations in cocoa butterâ€™s triglyceride composition (by origin) affect the formulation of Cocoa Butter Equivalents (CBEs)?,,,,
How do fermentation and drying processes contribute to the development of flavor precursors in cocoa beans?,,,,
How does roasting temperature influence the flavor balance and acidity of cocoa?,,,,
How do the breakage mechanisms of brittle and non-brittle materials influence the choice of grinding equipment in chocolate manufacturing?,,,,
"What are the operational challenges and benefits of using a five-roll refiner in chocolate refining, and how do factors like temperature and fat content affect the process?",,,,
What is the primary purpose of conching in chocolate manufacturing?,,,,
How does moisture removal during conching impact chocolate viscosity?,,,,
